{
  "www.fazenda.sp.gov.br-0" : {
    "transaction" : "www.fazenda.sp.gov.br-0",
    "sampleCount" : 200,
    "errorCount" : 0,
    "errorPct" : 0.0,
    "meanResTime" : 1175.755,
    "medianResTime" : 1002.5,
    "minResTime" : 103.0,
    "maxResTime" : 2653.0,
    "pct1ResTime" : 1912.2,
    "pct2ResTime" : 2134.2999999999993,
    "pct3ResTime" : 2585.95,
    "throughput" : 12.242149721491094,
    "receivedKBytesPerSec" : 5.379850951827141,
    "sentKBytesPerSec" : 1.4824478178368121
  },
  "www.fazenda.sp.gov.br-1" : {
    "transaction" : "www.fazenda.sp.gov.br-1",
    "sampleCount" : 200,
    "errorCount" : 0,
    "errorPct" : 0.0,
    "meanResTime" : 410.95500000000004,
    "medianResTime" : 355.0,
    "minResTime" : 34.0,
    "maxResTime" : 800.0,
    "pct1ResTime" : 653.5,
    "pct2ResTime" : 672.95,
    "pct3ResTime" : 789.6900000000003,
    "throughput" : 12.926577042399172,
    "receivedKBytesPerSec" : 4.809595559720786,
    "sentKBytesPerSec" : 1.565327688728025
  },
  "www.correios.com.br" : {
    "transaction" : "www.correios.com.br",
    "sampleCount" : 200,
    "errorCount" : 3,
    "errorPct" : 1.5,
    "meanResTime" : 7792.670000000002,
    "medianResTime" : 7397.5,
    "minResTime" : 4897.0,
    "maxResTime" : 21293.0,
    "pct1ResTime" : 8555.0,
    "pct2ResTime" : 14203.049999999997,
    "pct3ResTime" : 21171.170000000002,
    "throughput" : 9.237875288683602,
    "receivedKBytesPerSec" : 1021.8312012846421,
    "sentKBytesPerSec" : 1.0840971420323327
  },
  "www.fazenda.sp.gov.br-2" : {
    "transaction" : "www.fazenda.sp.gov.br-2",
    "sampleCount" : 200,
    "errorCount" : 0,
    "errorPct" : 0.0,
    "meanResTime" : 2096.8750000000005,
    "medianResTime" : 1936.0,
    "minResTime" : 162.0,
    "maxResTime" : 7030.0,
    "pct1ResTime" : 3608.900000000001,
    "pct2ResTime" : 5404.549999999996,
    "pct3ResTime" : 7012.590000000001,
    "throughput" : 12.959243180198277,
    "receivedKBytesPerSec" : 2033.9427130580575,
    "sentKBytesPerSec" : 1.6072498866066223
  },
  "www.gov.br" : {
    "transaction" : "www.gov.br",
    "sampleCount" : 200,
    "errorCount" : 0,
    "errorPct" : 0.0,
    "meanResTime" : 3908.615000000001,
    "medianResTime" : 4145.0,
    "minResTime" : 352.0,
    "maxResTime" : 8602.0,
    "pct1ResTime" : 6292.5,
    "pct2ResTime" : 7078.9,
    "pct3ResTime" : 7884.59,
    "throughput" : 13.662135391761733,
    "receivedKBytesPerSec" : 2267.2035503406996,
    "sentKBytesPerSec" : 3.0819856206025005
  },
  "www.fazenda.sp.gov.br" : {
    "transaction" : "www.fazenda.sp.gov.br",
    "sampleCount" : 200,
    "errorCount" : 0,
    "errorPct" : 0.0,
    "meanResTime" : 3959.640000000001,
    "medianResTime" : 4138.0,
    "minResTime" : 321.0,
    "maxResTime" : 9498.0,
    "pct1ResTime" : 5852.600000000001,
    "pct2ResTime" : 8022.85,
    "pct3ResTime" : 9453.460000000003,
    "throughput" : 12.041664157986633,
    "receivedKBytesPerSec" : 1899.7015219534587,
    "sentKBytesPerSec" : 4.409789120356433
  },
  "Total" : {
    "transaction" : "Total",
    "sampleCount" : 1600,
    "errorCount" : 3,
    "errorPct" : 0.1875,
    "meanResTime" : 2906.628750000003,
    "medianResTime" : 1941.0,
    "minResTime" : 34.0,
    "maxResTime" : 21293.0,
    "pct1ResTime" : 6726.000000000001,
    "pct2ResTime" : 7777.649999999999,
    "pct3ResTime" : 10099.920000000006,
    "throughput" : 70.85289168364184,
    "receivedKBytesPerSec" : 6713.582331544482,
    "sentKBytesPerSec" : 11.52198446218227
  },
  "www.gov.br-1" : {
    "transaction" : "www.gov.br-1",
    "sampleCount" : 200,
    "errorCount" : 0,
    "errorPct" : 0.0,
    "meanResTime" : 2485.1749999999984,
    "medianResTime" : 2747.0,
    "minResTime" : 161.0,
    "maxResTime" : 6871.0,
    "pct1ResTime" : 4355.500000000003,
    "pct2ResTime" : 5494.099999999999,
    "pct3ResTime" : 6386.7300000000005,
    "throughput" : 14.24298532972511,
    "receivedKBytesPerSec" : 2352.2031561565304,
    "sentKBytesPerSec" : 1.641281512605042
  },
  "www.gov.br-0" : {
    "transaction" : "www.gov.br-0",
    "sampleCount" : 200,
    "errorCount" : 0,
    "errorPct" : 0.0,
    "meanResTime" : 1423.345,
    "medianResTime" : 1448.0,
    "minResTime" : 191.0,
    "maxResTime" : 2922.0,
    "pct1ResTime" : 2000.3,
    "pct2ResTime" : 2720.65,
    "pct3ResTime" : 2913.080000000001,
    "throughput" : 13.944084222268703,
    "receivedKBytesPerSec" : 11.152203492121592,
    "sentKBytesPerSec" : 1.5387514815589487
  }
}